<?xml version="1.0" encoding="utf-8"?>
<GameInfo>
	<IconTextureAtlases>
		<Row Name="ICON_ATLAS_SAILOR_WATCHTOWER_ICON" IconSize="38" IconsPerRow="1" IconsPerColumn="1" Filename="ICON_IMPROVEMENT_SAILOR_WATCHTOWER_38.dds"/>
		<Row Name="ICON_ATLAS_SAILOR_WATCHTOWER_ICON" IconSize="40" IconsPerRow="1" IconsPerColumn="1" Filename="ICON_IMPROVEMENT_SAILOR_WATCHTOWER_40.dds"/>
		<Row Name="ICON_ATLAS_SAILOR_WATCHTOWER_ICON" IconSize="50" IconsPerRow="1" IconsPerColumn="1" Filename="ICON_IMPROVEMENT_SAILOR_WATCHTOWER_50.dds"/>
		<Row Name="ICON_ATLAS_SAILOR_WATCHTOWER_ICON" IconSize="80" IconsPerRow="1" IconsPerColumn="1" Filename="ICON_IMPROVEMENT_SAILOR_WATCHTOWER_80.dds"/>
		<Row Name="ICON_ATLAS_SAILOR_WATCHTOWER_ICON" IconSize="200" IconsPerRow="1" IconsPerColumn="1" Filename="ICON_IMPROVEMENT_SAILOR_WATCHTOWER_200.dds"/>
		<Row Name="ICON_ATLAS_SAILOR_WATCHTOWER_ICON" IconSize="256" IconsPerRow="1" IconsPerColumn="1" Filename="ICON_IMPROVEMENT_SAILOR_WATCHTOWER_256.dds"/>
	</IconTextureAtlases>

	<IconDefinitions>
		<Row Name="ICON_IMPROVEMENT_SAILOR_WATCHTOWER"			 Atlas="ICON_ATLAS_SAILOR_WATCHTOWER_ICON" Index="0"/>
	</IconDefinitions>
</GameInfo>
